5272587;07179-470-17888;MASCOT¸ Safe Compete;https://productimages.mascot.dk/Olinda_07179-470-17888_P_400px.jpg;76C44
5272588;07179-470-17888;MASCOT¸ Safe Compete;https://productimages.mascot.dk/Olinda_07179-470-17888_P_400px.jpg;76C45
1891624;17031-311-010;MASCOT¸ Advanced;https://productimages.mascot.dk/Advanced_17031-311-010_P_400px.jpg;76C46
1891666;17031-311-06;MASCOT¸ Advanced;https://productimages.mascot.dk/Advanced_17031-311-06_P_400px.jpg;76C46
1891708;17031-311-09;MASCOT¸ Advanced;https://productimages.mascot.dk/Advanced_17031-311-09_P_400px.jpg;76C46
1891750;17031-311-18;MASCOT¸ Advanced;https://productimages.mascot.dk/Advanced_17031-311-18_P_400px.jpg;76C46
1891792;17031-311-33;MASCOT¸ Advanced;https://productimages.mascot.dk/Advanced_17031-311-33_P_400px.jpg;76C46
1891834;17031-311-44;MASCOT¸ Advanced;https://productimages.mascot.dk/Advanced_17031-311-44_P_400px.jpg;76C46
1891876;17031-311-55;MASCOT¸ Advanced;https://productimages.mascot.dk/Advanced_17031-311-55_P_400px.jpg;76C46
1891209;17079-311-010;MASCOT¸ Advanced;https://productimages.mascot.dk/Advanced_17079-311-010_P_400px.jpg;76C46
1891251;17079-311-06;MASCOT¸ Advanced;https://productimages.mascot.dk/Advanced_17079-311-06_P_400px.jpg;76C46
1891293;17079-311-09;MASCOT¸ Advanced;https://productimages.mascot.dk/Advanced_17079-311-09_P_400px.jpg;76C46
1891335;17079-311-18;MASCOT¸ Advanced;https://productimages.mascot.dk/Advanced_17079-311-18_P_400px.jpg;76C46
1891377;17079-311-33;MASCOT¸ Advanced;https://productimages.mascot.dk/Advanced_17079-311-33_P_400px.jpg;76C46
1891419;17079-311-44;MASCOT¸ Advanced;https://productimages.mascot.dk/Advanced_17079-311-44_P_400px.jpg;76C46
1891461;17079-311-55;MASCOT¸ Advanced;https://productimages.mascot.dk/Advanced_17079-311-55_P_400px.jpg;76C46
1913775;17179-311-010;MASCOT¸ Advanced;https://productimages.mascot.dk/Advanced_17179-311-010_P_400px.jpg;76C46
1892846;17179-311-06;MASCOT¸ Advanced;https://productimages.mascot.dk/Advanced_17179-311-06_P_400px.jpg;76C46
1892888;17179-311-09;MASCOT¸ Advanced;https://productimages.mascot.dk/Advanced_17179-311-09_P_400px.jpg;76C46
1892930;17179-311-18;MASCOT¸ Advanced;https://productimages.mascot.dk/Advanced_17179-311-18_P_400px.jpg;76C46
1892972;17179-311-33;MASCOT¸ Advanced;https://productimages.mascot.dk/Advanced_17179-311-33_P_400px.jpg;76C46
1893014;17179-311-44;MASCOT¸ Advanced;https://productimages.mascot.dk/Advanced_17179-311-44_P_400px.jpg;76C46
1893056;17179-311-55;MASCOT¸ Advanced;https://productimages.mascot.dk/Advanced_17179-311-55_P_400px.jpg;76C46
1623993;06231-010-09;MASCOT¸ Young;https://productimages.mascot.dk/Almada_06231-010-09_P_400px.jpg;76C46
1815804;13679-216-010;MASCOT¸ Multisafe;https://productimages.mascot.dk/Arosa_13679-216-010_P_400px.jpg;76C46
1623602;06131-630-01;MASCOT¸ Hardwear;https://productimages.mascot.dk/Atlanta_06131-630-01_P_400px.jpg;76C46
1623609;06131-630-06;MASCOT¸ Hardwear;https://productimages.mascot.dk/Atlanta_06131-630-06_P_400px.jpg;76C46
1623616;06131-630-09;MASCOT¸ Hardwear;https://productimages.mascot.dk/Atlanta_06131-630-09_P_400px.jpg;76C46
1614199;12169-442-1809;MASCOT¸ Unique;https://productimages.mascot.dk/Augsburg_12169-442-1809_P_400px.jpg;76C46
1522521;12355-630-010;MASCOT¸ Industry;https://productimages.mascot.dk/Biloxi_12355-630-010_P_400px.jpg;76C46
1522558;12355-630-09;MASCOT¸ Industry;https://productimages.mascot.dk/Biloxi_12355-630-09_P_400px.jpg;76C46
1522632;12355-630-18;MASCOT¸ Industry;https://productimages.mascot.dk/Biloxi_12355-630-18_P_400px.jpg;76C46
1669645;14031-203-0618;MASCOT¸ Unique;https://productimages.mascot.dk/Bremen_14031-203-0618_P_400px.jpg;76C46
1669687;14031-203-1809;MASCOT¸ Unique;https://productimages.mascot.dk/Bremen_14031-203-1809_P_400px.jpg;76C46
1669730;14031-203-5509;MASCOT¸ Unique;https://productimages.mascot.dk/Bremen_14031-203-5509_P_400px.jpg;76C46
1669816;14131-203-09;MASCOT¸ Unique;https://productimages.mascot.dk/Bremen_14131-203-09_P_400px.jpg;76C46
1674336;13869-216-17010;MASCOT¸ Multisafe;https://productimages.mascot.dk/Davos_13869-216-17010_P_400px.jpg;76C46
1583057;12179-203-0618;MASCOT¸ Unique;https://productimages.mascot.dk/Erlangen_12179-203-0618_P_400px.jpg;76C46
1583168;12179-203-0918;MASCOT¸ Unique;https://productimages.mascot.dk/Erlangen_12179-203-0918_P_400px.jpg;76C46
1583131;12179-203-1809;MASCOT¸ Unique;https://productimages.mascot.dk/Erlangen_12179-203-1809_P_400px.jpg;76C46
1582906;12479-203-09;MASCOT¸ Unique;https://productimages.mascot.dk/Erlangen_12479-203-09_P_400px.jpg;76C46
1602205;10179-154-010;MASCOT¸ Industry;https://productimages.mascot.dk/Houston_10179-154-010_P_400px.jpg;76C46
1602215;10179-154-09;MASCOT¸ Industry;https://productimages.mascot.dk/Houston_10179-154-09_P_400px.jpg;76C46
1602224;10179-154-18;MASCOT¸ Industry;https://productimages.mascot.dk/Houston_10179-154-18_P_400px.jpg;76C46
1736921;15579-860-14010;MASCOT¸ Safe Supreme;https://productimages.mascot.dk/Kendal_15579-860-14010_P_400px.jpg;76C46
1736961;15579-860-1418;MASCOT¸ Safe Supreme;https://productimages.mascot.dk/Kendal_15579-860-1418_P_400px.jpg;76C46
1737041;15579-860-17010;MASCOT¸ Safe Supreme;https://productimages.mascot.dk/Kendal_15579-860-17010_P_400px.jpg;76C46
1737081;15579-860-1709;MASCOT¸ Safe Supreme;https://productimages.mascot.dk/Kendal_15579-860-1709_P_400px.jpg;76C46
1737121;15579-860-1718;MASCOT¸ Safe Supreme;https://productimages.mascot.dk/Kendal_15579-860-1718_P_400px.jpg;76C46
1737161;15579-860-22218;MASCOT¸ Safe Supreme;https://productimages.mascot.dk/Kendal_15579-860-22218_P_400px.jpg;76C46
1738029;15679-860-01017;MASCOT¸ Safe Supreme;https://productimages.mascot.dk/Leeds_15679-860-01017_P_400px.jpg;76C46
1738069;15679-860-0917;MASCOT¸ Safe Supreme;https://productimages.mascot.dk/Leeds_15679-860-0917_P_400px.jpg;76C46
1738189;15679-860-18222;MASCOT¸ Safe Supreme;https://productimages.mascot.dk/Leeds_15679-860-18222_P_400px.jpg;76C46
1583537;12069-203-0618;MASCOT¸ Unique;https://productimages.mascot.dk/Leipzig_12069-203-0618_P_400px.jpg;76C46
1583655;12069-203-0918;MASCOT¸ Unique;https://productimages.mascot.dk/Leipzig_12069-203-0918_P_400px.jpg;76C46
1583626;12069-203-1809;MASCOT¸ Unique;https://productimages.mascot.dk/Leipzig_12069-203-1809_P_400px.jpg;76C46
1683253;13079-230-1809;MASCOT¸ Unique;https://productimages.mascot.dk/Lemberg_13079-230-1809_P_400px.jpg;76C46
1832847;16079-230-09;MASCOT¸ Unique;https://productimages.mascot.dk/Lemberg_16079-230-09_P_400px.jpg;76C46
1618797;05079-010-01;MASCOT¸ Hardwear;https://productimages.mascot.dk/Lerida_05079-010-01_P_400px.jpg;76C46
1618805;05079-010-05;MASCOT¸ Hardwear;https://productimages.mascot.dk/Lerida_05079-010-05_P_400px.jpg;76C46
1618812;05079-010-06;MASCOT¸ Hardwear;https://productimages.mascot.dk/Lerida_05079-010-06_P_400px.jpg;76C46
1618819;05079-010-09;MASCOT¸ Hardwear;https://productimages.mascot.dk/Lerida_05079-010-09_P_400px.jpg;76C46
1618826;05079-010-888;MASCOT¸ Hardwear;https://productimages.mascot.dk/Lerida_05079-010-888_P_400px.jpg;76C46
1522669;12362-630-010;MASCOT¸ Industry;https://productimages.mascot.dk/Lowell_12362-630-010_P_400px.jpg;76C46
1522698;12362-630-09;MASCOT¸ Industry;https://productimages.mascot.dk/Lowell_12362-630-09_P_400px.jpg;76C46
1522727;12362-630-11;MASCOT¸ Industry;https://productimages.mascot.dk/Lowell_12362-630-11_P_400px.jpg;76C46
1522756;12362-630-18;MASCOT¸ Industry;https://productimages.mascot.dk/Lowell_12362-630-18_P_400px.jpg;76C46
1738674;15979-948-17010;MASCOT¸ Safe Light;https://productimages.mascot.dk/Maitland_15979-948-17010_P_400px.jpg;76C46
1608031;12679-442-0618;MASCOT¸ Unique;https://productimages.mascot.dk/Mannheim_12679-442-0618_P_400px.jpg;76C46
1607909;12679-442-0918;MASCOT¸ Unique;https://productimages.mascot.dk/Mannheim_12679-442-0918_P_400px.jpg;76C46
1607940;12679-442-1809;MASCOT¸ Unique;https://productimages.mascot.dk/Mannheim_12679-442-1809_P_400px.jpg;76C46
1803558;12779-442-09;MASCOT¸ Unique;https://productimages.mascot.dk/Mannheim_12779-442-09_P_400px.jpg;76C46
1824871;10279-154-010;MASCOT¸ Industry;https://productimages.mascot.dk/New Haven_10279-154-010_P_400px.jpg;76C46
1824878;10279-154-09;MASCOT¸ Industry;https://productimages.mascot.dk/New Haven_10279-154-09_P_400px.jpg;76C46
1619543;10569-442-010;MASCOT¸ Industry;https://productimages.mascot.dk/Newark_10569-442-010_P_400px.jpg;76C46
1619550;10569-442-09;MASCOT¸ Industry;https://productimages.mascot.dk/Newark_10569-442-09_P_400px.jpg;76C46
1737327;15569-860-14010;MASCOT¸ Safe Supreme;https://productimages.mascot.dk/Newcastle_15569-860-14010_P_400px.jpg;76C46
1737357;15569-860-1418;MASCOT¸ Safe Supreme;https://productimages.mascot.dk/Newcastle_15569-860-1418_P_400px.jpg;76C46
1737417;15569-860-17010;MASCOT¸ Safe Supreme;https://productimages.mascot.dk/Newcastle_15569-860-17010_P_400px.jpg;76C46
1737447;15569-860-1709;MASCOT¸ Safe Supreme;https://productimages.mascot.dk/Newcastle_15569-860-1709_P_400px.jpg;76C46
1737507;15569-860-22218;MASCOT¸ Safe Supreme;https://productimages.mascot.dk/Newcastle_15569-860-22218_P_400px.jpg;76C46
5272589;07179-470-17888;MASCOT¸ Safe Compete;https://productimages.mascot.dk/Olinda_07179-470-17888_P_400px.jpg;76C46
1677074;08269-010-01;MASCOT¸ Hardwear;https://productimages.mascot.dk/Orense_08269-010-01_P_400px.jpg;76C46
1677082;08269-010-05;MASCOT¸ Hardwear;https://productimages.mascot.dk/Orense_08269-010-05_P_400px.jpg;76C46
1677090;08269-010-06;MASCOT¸ Hardwear;https://productimages.mascot.dk/Orense_08269-010-06_P_400px.jpg;76C46
1677098;08269-010-09;MASCOT¸ Hardwear;https://productimages.mascot.dk/Orense_08269-010-09_P_400px.jpg;76C46
1677106;08269-010-888;MASCOT¸ Hardwear;https://productimages.mascot.dk/Orense_08269-010-888_P_400px.jpg;76C46
1619500;10579-442-010;MASCOT¸ Industry;https://productimages.mascot.dk/Pittsburgh_10579-442-010_P_400px.jpg;76C46
1619521;10579-442-09;MASCOT¸ Industry;https://productimages.mascot.dk/Pittsburgh_10579-442-09_P_400px.jpg;76C46
1611863;10169-154-010;MASCOT¸ Industry;https://productimages.mascot.dk/Richmond_10169-154-010_P_400px.jpg;76C46
1611870;10169-154-09;MASCOT¸ Industry;https://productimages.mascot.dk/Richmond_10169-154-09_P_400px.jpg;76C46
1597919;08131-010-01;MASCOT¸ Hardwear;https://productimages.mascot.dk/Ronda_08131-010-01_P_400px.jpg;76C46
1597925;08131-010-05;MASCOT¸ Hardwear;https://productimages.mascot.dk/Ronda_08131-010-05_P_400px.jpg;76C46
1597931;08131-010-06;MASCOT¸ Hardwear;https://productimages.mascot.dk/Ronda_08131-010-06_P_400px.jpg;76C46
1597937;08131-010-09;MASCOT¸ Hardwear;https://productimages.mascot.dk/Ronda_08131-010-09_P_400px.jpg;76C46
1597943;08131-010-888;MASCOT¸ Hardwear;https://productimages.mascot.dk/Ronda_08131-010-888_P_400px.jpg;76C46
1613537;10131-154-010;MASCOT¸ Industry;https://productimages.mascot.dk/Springfield_10131-154-010_P_400px.jpg;76C46
1613544;10131-154-09;MASCOT¸ Industry;https://productimages.mascot.dk/Springfield_10131-154-09_P_400px.jpg;76C46
1613551;10131-154-18;MASCOT¸ Industry;https://productimages.mascot.dk/Springfield_10131-154-18_P_400px.jpg;76C46
1737808;15669-860-01017;MASCOT¸ Safe Supreme;https://productimages.mascot.dk/Sunderland_15669-860-01017_P_400px.jpg;76C46